Source,Latitude,Longitude,Altitude,Roll,Pitch,Yaw,ImageWidth,ImageHeight
S1007771.JPG,33.012401,-87.640132,143.931,0.78574,-89.994625,61.029864,8192,6144
S1007774.JPG,33.012463,-87.639998,144.843002,0.241907,-89.994732,60.748605,8192,6144
S1007777.JPG,33.012527,-87.639862,144.778,0.252897,-89.983976,60.909338,8192,6144
S1007780.JPG,33.012591,-87.639727,144.567001,0.767094,-89.993761,60.724789,8192,6144
S1007783.JPG,33.012654,-87.639591,144.264008,-0.549774,-89.991269,61.176601,8192,6144
S1007786.JPG,33.012718,-87.639456,143.740005,-0.027746,-89.990223,61.069008,8192,6144
S1007789.JPG,33.012781,-87.63932,143.389008,-1.638034,-89.988282,61.870554,8192,6144
S1007792.JPG,33.012845,-87.639184,143.854996,0.284721,-89.996659,60.428196,8192,6144
S1007795.JPG,33.012909,-87.639048,144.212006,1.455668,-89.993311,60.691394,8192,6144
S1007798.JPG,33.012972,-87.638912,144.548004,1.270891,-89.989877,60.658564,8192,6144
S1007801.JPG,33.013035,-87.638777,144.498993,3.63669,-89.997583,60.516775,8192,6144
S1007804.JPG,33.013193,-87.638873,144.164993,-13.006605,-89.991058,240.456047,8192,6144
S1007807.JPG,33.013132,-87.63901,143.701004,-1.587586,-89.997005,240.76349,8192,6144
S1007810.JPG,33.013068,-87.639146,143.612,-4.087049,-89.993952,240.961632,8192,6144
S1007813.JPG,33.013004,-87.639281,143.686996,-2.997974,-89.996087,240.295703,8192,6144
S1007816.JPG,33.012941,-87.639417,143.927994,-2.476364,-89.999663,240.460193,8192,6144
S1007819.JPG,33.012877,-87.639553,143.929993,-2.955148,-89.9938,240.740268,8192,6144
S1007822.JPG,33.012813,-87.639689,143.953003,-1.350537,-89.996963,240.459551,8192,6144
S1007825.JPG,33.01275,-87.639826,143.996002,-4.295614,-89.991594,241.167757,8192,6144
S1007828.JPG,33.012686,-87.639963,144.296005,-5.531814,-89.995881,241.374712,8192,6144
S1007831.JPG,33.012623,-87.640099,144.535004,-6.577175,-89.999297,241.292548,8192,6144
S1007834.JPG,33.012559,-87.640235,144.326004,-4.431677,-89.994305,241.516077,8192,6144
S1007837.JPG,33.01271,-87.640343,144.134003,14.8288,-89.993836,60.576978,8192,6144
S1007840.JPG,33.012776,-87.64021,144.322998,4.735242,-89.989173,60.456468,8192,6144
S1007843.JPG,33.01284,-87.640073,144.326996,4.918915,-89.993438,60.530855,8192,6144
S1007846.JPG,33.012904,-87.639935,144.240005,4.089376,-89.99054,60.515844,8192,6144
S1007849.JPG,33.012968,-87.639798,144.182999,4.588662,-89.990365,60.554938,8192,6144
S1007852.JPG,33.013032,-87.639661,144.281006,3.614229,-89.99467,60.391116,8192,6144
S1007855.JPG,33.013096,-87.639524,144.557007,4.223499,-89.996871,60.374091,8192,6144
S1007858.JPG,33.01316,-87.639386,144.755997,3.353599,-89.993108,60.393313,8192,6144
S1007861.JPG,33.013224,-87.639249,144.806,2.727814,-89.996329,60.718661,8192,6144
S1007864.JPG,33.013288,-87.639112,144.746002,3.158334,-89.99571,60.767725,8192,6144
S1007867.JPG,33.013351,-87.638975,144.654999,1.71805,-89.99215,60.443565,8192,6144
S1007870.JPG,33.013508,-87.639071,144.457993,-13.406182,-89.998784,240.377933,8192,6144
S1007873.JPG,33.013448,-87.639209,144.065994,-3.290695,-89.995645,240.787046,8192,6144
S1007876.JPG,33.013383,-87.639346,144.184998,-1.15824,-89.994036,240.676625,8192,6144
S1007879.JPG,33.013319,-87.639483,144.328995,-2.823518,-89.998396,240.917706,8192,6144
S1007882.JPG,33.013255,-87.639621,144.270996,-2.558731,-89.994689,240.964699,8192,6144
S1007885.JPG,33.013191,-87.639758,144.253006,-1.6955,-89.99411,239.962909,8192,6144
S1007888.JPG,33.013127,-87.639896,144.455002,-5.968579,-89.997686,241.319047,8192,6144
S1007891.JPG,33.013062,-87.640033,144.147003,-2.623849,-89.994066,240.707755,8192,6144
S1007894.JPG,33.012998,-87.640172,144.132004,-5.000974,-89.997878,241.331677,8192,6144
S1007897.JPG,33.012934,-87.640309,144.136002,-3.846655,-89.997699,241.074391,8192,6144
S1007900.JPG,33.01287,-87.640447,144.126999,-5.251111,-89.986986,241.311378,8192,6144
S1007903.JPG,33.013021,-87.640554,144.360992,14.417468,-89.991746,60.781331,8192,6144
S1007906.JPG,33.013087,-87.64042,144.425003,4.057597,-89.99373,60.70791,8192,6144
S1007909.JPG,33.013151,-87.640281,144.332001,3.304522,-89.994126,60.737592,8192,6144
S1007912.JPG,33.013216,-87.640143,143.987,3.243487,-89.998136,60.474241,8192,6144
S1007915.JPG,33.01328,-87.640005,143.889008,4.979948,-89.999431,60.797263,8192,6144
S1007918.JPG,33.013345,-87.639865,143.768997,4.841253,-89.989712,60.541152,8192,6144
S1007921.JPG,33.01341,-87.639726,143.830994,4.96291,-89.995734,61.107037,8192,6144
S1007924.JPG,33.013475,-87.639588,143.791,4.083372,-89.992968,60.735317,8192,6144
S1007927.JPG,33.013539,-87.639449,143.561005,3.395099,-89.990524,60.489917,8192,6144
S1007930.JPG,33.013604,-87.639311,143.537994,3.73228,-89.998675,60.767796,8192,6144
S1007933.JPG,33.013668,-87.639173,143.419006,2.477022,-89.998874,61.075706,8192,6144
S1007936.JPG,33.013825,-87.639269,143.589996,-15.269716,-89.997841,241.314283,8192,6144
S1007939.JPG,33.013765,-87.639407,143.261002,-3.69693,-89.994651,241.859233,8192,6144
S1007942.JPG,33.0137,-87.639546,142.811005,-6.337167,-89.993786,241.970404,8192,6144
S1007945.JPG,33.013635,-87.639685,142.828995,-7.79982,-89.998908,241.980741,8192,6144
S1007948.JPG,33.013571,-87.639824,143.074005,-9.520735,-89.99905,242.305385,8192,6144
S1007951.JPG,33.013505,-87.639963,143.388,-7.469003,-89.998655,242.224567,8192,6144
S1007954.JPG,33.01344,-87.640102,143.395004,-4.521514,-89.996495,241.563747,8192,6144
S1007957.JPG,33.013375,-87.640241,143.341003,-4.082432,-89.99222,241.510766,8192,6144
S1007960.JPG,33.01331,-87.640381,143.401001,-2.608776,-89.99876,241.343469,8192,6144
S1007963.JPG,33.013245,-87.64052,143.283005,-3.964224,-89.998082,241.703278,8192,6144
S1007966.JPG,33.01318,-87.640658,143.121994,-2.041856,-89.990498,241.512221,8192,6144
S1007969.JPG,33.013331,-87.640766,143.270004,12.54029,-89.997606,60.40719,8192,6144
S1007972.JPG,33.013399,-87.640629,143.171005,1.907427,-89.99932,60.932288,8192,6144
S1007975.JPG,33.013464,-87.640489,143.119995,2.948435,-89.9988,61.379771,8192,6144
S1007978.JPG,33.013529,-87.64035,143.199997,5.063096,-89.997025,60.895166,8192,6144
S1007981.JPG,33.013594,-87.640209,143.009003,4.058059,-89.98829,61.089935,8192,6144
S1007984.JPG,33.013659,-87.640069,143.091003,1.431069,-89.990333,60.735301,8192,6144
S1007987.JPG,33.013724,-87.63993,142.953995,2.707775,-89.998625,60.98265,8192,6144
S1007990.JPG,33.01379,-87.63979,142.889999,2.248837,-89.998124,61.314295,8192,6144
S1007993.JPG,33.013855,-87.639651,143.022003,1.019691,-89.998028,60.97696,8192,6144
S1007996.JPG,33.013921,-87.639511,142.600006,0.506501,-89.998598,61.067915,8192,6144
S1007999.JPG,33.013987,-87.639371,142.332001,1.121596,-89.995202,61.038967,8192,6144
S1008002.JPG,33.014143,-87.639466,142.813004,-12.670867,-89.992242,240.610963,8192,6144
S1008005.JPG,33.014087,-87.639594,142.442993,-2.554121,-89.981333,241.614127,8192,6144
S1008008.JPG,33.014027,-87.639721,142.421997,-4.176213,-89.996896,240.190319,8192,6144
S1008011.JPG,33.013967,-87.639849,142.658005,-5.712715,-89.996228,241.239796,8192,6144
S1008014.JPG,33.013908,-87.639976,142.686005,0.066088,-89.994093,239.968102,8192,6144
S1008017.JPG,33.013848,-87.640103,142.951996,-0.406204,-89.992295,240.259698,8192,6144
S1008020.JPG,33.01379,-87.640232,143.024994,-7.050684,-89.993414,240.889095,8192,6144
S1008023.JPG,33.01373,-87.640359,142.563995,-8.182029,-89.990645,241.687271,8192,6144
S1008026.JPG,33.013669,-87.640487,142.623001,-4.945856,-89.99052,241.6593,8192,6144
S1008029.JPG,33.01361,-87.640614,142.869003,-3.773518,-89.996949,240.976275,8192,6144
S1008032.JPG,33.01355,-87.640742,142.992004,-4.386776,-89.994835,240.946244,8192,6144
S1008035.JPG,33.013491,-87.64087,143.014999,-4.55141,-89.986209,240.357877,8192,6144
S1008038.JPG,33.013642,-87.640977,142.287003,11.65341,-89.994817,60.654301,8192,6144
S1008041.JPG,33.013703,-87.640852,142.813995,2.932319,-89.990979,61.435188,8192,6144
S1008044.JPG,33.013763,-87.640725,143.270996,3.739177,-89.996504,61.038327,8192,6144
S1008047.JPG,33.013823,-87.640596,143.313995,3.780964,-89.992932,60.904054,8192,6144
S1008050.JPG,33.013883,-87.640467,143.054993,4.557006,-89.992725,60.793752,8192,6144
S1008053.JPG,33.013944,-87.640339,142.871002,7.29212,-89.989548,60.749885,8192,6144
S1008056.JPG,33.014003,-87.64021,142.903,2.048191,-89.997221,60.763875,8192,6144
S1008059.JPG,33.014063,-87.640082,143.009995,2.843936,-89.992811,60.719058,8192,6144
S1008062.JPG,33.014123,-87.639953,142.869003,0.532807,-89.989629,60.725992,8192,6144
S1008065.JPG,33.014183,-87.639825,142.628998,4.611152,-89.994157,60.598919,8192,6144
S1008068.JPG,33.014243,-87.639696,142.800003,4.469737,-89.982745,60.415397,8192,6144
S1008071.JPG,33.014302,-87.639568,142.919006,3.70398,-89.989699,60.74291,8192,6144
S1008074.JPG,33.014459,-87.639664,142.671997,-16.026974,-89.999078,240.821185,8192,6144
S1008077.JPG,33.014403,-87.639793,142.139999,-2.255724,-89.992268,240.649752,8192,6144
S1008080.JPG,33.014342,-87.639922,142.223007,-3.98531,-89.998036,241.071955,8192,6144
S1008083.JPG,33.014282,-87.640051,142.257996,-4.446934,-89.991375,241.367411,8192,6144
S1008086.JPG,33.014223,-87.640179,142.423004,-3.127906,-89.989276,241.150938,8192,6144
S1008089.JPG,33.014163,-87.640308,142.492996,-6.833809,-89.996771,241.795326,8192,6144
S1008092.JPG,33.014102,-87.640437,142.468002,-2.810922,-89.994514,241.446011,8192,6144
S1008095.JPG,33.014042,-87.640566,142.384995,-5.006147,-89.996697,241.420992,8192,6144
S1008098.JPG,33.013981,-87.640695,142.546005,-1.188349,-89.994144,240.653487,8192,6144
S1008101.JPG,33.013921,-87.640824,142.817001,-0.95048,-89.996853,241.014388,8192,6144
S1008104.JPG,33.013861,-87.640953,143.052002,1.606629,-89.995596,241.200714,8192,6144
S1008107.JPG,33.013801,-87.641082,143.106995,-2.130263,-89.992622,240.91303,8192,6144
S1008110.JPG,33.013952,-87.641189,143.011002,11.097574,-89.993736,60.651568,8192,6144
S1008113.JPG,33.014014,-87.641064,142.959,1.582627,-89.996949,60.678257,8192,6144
S1008116.JPG,33.014074,-87.640934,142.830994,0.959301,-89.997804,60.888132,8192,6144
S1008119.JPG,33.014135,-87.640804,142.649994,-0.917294,-89.995842,61.37716,8192,6144
S1008122.JPG,33.014196,-87.640674,142.682999,-2.632157,-89.994456,61.097888,8192,6144
S1008125.JPG,33.014256,-87.640544,142.677994,-1.148555,-89.996962,60.8559,8192,6144
S1008128.JPG,33.014317,-87.640415,142.899994,1.021195,-89.998516,61.121599,8192,6144
S1008131.JPG,33.014378,-87.640285,143.016998,0.394719,-89.997414,60.848579,8192,6144
S1008134.JPG,33.014438,-87.640155,143.031998,0.727324,-89.999227,60.756141,8192,6144
S1008137.JPG,33.014499,-87.640025,142.869003,1.446392,-89.989536,60.943339,8192,6144
S1008140.JPG,33.014559,-87.639896,142.837997,1.493668,-89.997325,60.76276,8192,6144
S1008143.JPG,33.01462,-87.639766,142.740997,2.166517,-89.991858,60.753281,8192,6144
S1008146.JPG,33.014777,-87.639862,142.697998,-13.723372,-89.999206,240.889492,8192,6144
S1008149.JPG,33.01472,-87.639992,142.779007,-2.548646,-89.995608,241.335222,8192,6144
S1008152.JPG,33.014659,-87.640122,142.826996,-5.917111,-89.995068,242.259091,8192,6144
S1008155.JPG,33.014598,-87.640252,143.199997,-3.340488,-89.980448,240.128427,8192,6144
S1008158.JPG,33.014537,-87.640381,143.126007,-1.882645,-89.996029,241.107202,8192,6144
S1008161.JPG,33.014476,-87.640512,143.231003,0.193284,-89.994128,240.792197,8192,6144
S1008164.JPG,33.014416,-87.640643,143.362,-5.444994,-89.995012,243.231531,8192,6144
S1008167.JPG,33.014356,-87.640772,143.337006,-4.042302,-89.996069,241.675433,8192,6144
S1008170.JPG,33.014294,-87.640903,143.561996,-1.189631,-89.997421,240.969798,8192,6144
S1008173.JPG,33.014233,-87.641033,143.498001,-1.118281,-89.999054,241.42502,8192,6144
S1008176.JPG,33.014172,-87.641163,143.365005,-1.951211,-89.993515,241.493788,8192,6144
S1008179.JPG,33.014112,-87.641293,142.882004,-3.328411,-89.992503,240.869669,8192,6144
S1008182.JPG,33.014264,-87.6414,142.977997,16.290348,-89.997587,61.268176,8192,6144
S1008185.JPG,33.014327,-87.641273,143.076004,6.472332,-89.997981,60.214989,8192,6144
S1008188.JPG,33.014388,-87.641143,143.408997,10.820055,-89.99354,60.747454,8192,6144
S1008191.JPG,33.014448,-87.641011,143.630997,4.718456,-89.997838,60.964945,8192,6144
S1008194.JPG,33.01451,-87.64088,143.567001,3.194281,-89.999258,61.218085,8192,6144
S1008197.JPG,33.01457,-87.640749,143.645996,2.558137,-89.995647,61.411482,8192,6144
S1008200.JPG,33.014631,-87.640618,143.757004,3.93131,-89.993639,61.265451,8192,6144
S1008203.JPG,33.014693,-87.640488,143.604004,2.022501,-89.997396,61.057641,8192,6144
S1008206.JPG,33.014754,-87.640357,143.272995,3.250085,-89.997685,61.032958,8192,6144
S1008210.JPG,33.014815,-87.640226,143.186996,1.459955,-89.997335,60.714864,8192,6144
S1008212.JPG,33.014876,-87.640095,143.089996,2.232529,-89.996612,60.590052,8192,6144
S1008215.JPG,33.014937,-87.639964,142.899002,2.371608,-89.998571,60.701976,8192,6144
S1008218.JPG,33.015094,-87.64006,142.919998,-15.674195,-89.993435,240.003939,8192,6144
S1008221.JPG,33.015036,-87.640191,142.973007,-3.307567,-89.998962,241.666721,8192,6144
S1008224.JPG,33.014975,-87.640322,143.416,-2.720468,-89.997948,241.704705,8192,6144
S1008227.JPG,33.014913,-87.640455,143.557007,-0.622061,-89.999532,241.23946,8192,6144
S1008230.JPG,33.014852,-87.640585,143.595001,-3.10607,-89.998669,241.644221,8192,6144
S1008233.JPG,33.014792,-87.640715,143.382996,-8.278498,-89.998483,242.201121,8192,6144
S1008236.JPG,33.014729,-87.640849,143.369995,-6.835549,-89.997711,241.765993,8192,6144
S1008239.JPG,33.014668,-87.640979,143.662003,-3.457162,-89.997676,241.15306,8192,6144
S1008242.JPG,33.014606,-87.641109,144.020996,-1.685251,-89.996114,240.691755,8192,6144
S1008245.JPG,33.014545,-87.641242,144.091995,-0.857528,-89.996116,241.182452,8192,6144
S1008248.JPG,33.014483,-87.641373,144.033005,-1.685109,-89.995992,241.266714,8192,6144
S1008251.JPG,33.014422,-87.641506,144.061996,-3.89472,-89.979877,241.188832,8192,6144
S1008254.JPG,33.014573,-87.641611,143.820999,14.036479,-89.997654,60.384547,8192,6144
S1008257.JPG,33.014637,-87.641484,144.106003,4.706555,-89.996235,60.508006,8192,6144
S1008260.JPG,33.014698,-87.641352,143.806,4.462181,-89.996103,60.779084,8192,6144
S1008263.JPG,33.01476,-87.641219,143.723007,2.751322,-89.9961,60.842151,8192,6144
S1008266.JPG,33.014821,-87.641087,143.113998,-1.531445,-89.997467,61.427428,8192,6144
S1008269.JPG,33.014883,-87.640954,142.992996,-1.881595,-89.978582,62.256374,8192,6144
S1008272.JPG,33.014946,-87.640822,143.190994,2.894155,-89.997689,59.969611,8192,6144
S1008275.JPG,33.015007,-87.64069,143.365997,-2.011212,-89.997517,60.008553,8192,6144
S1008278.JPG,33.015069,-87.640559,143.225998,0.588362,-89.997734,61.87684,8192,6144
S1008281.JPG,33.01513,-87.640427,143.130005,-1.543631,-89.997909,61.499473,8192,6144
S1008284.JPG,33.015192,-87.640294,142.996002,0.390572,-89.996726,62.079607,8192,6144
S1008287.JPG,33.015254,-87.640162,142.904999,-0.181061,-89.991982,60.96598,8192,6144
