Source,Latitude,Longitude,Altitude,Roll,Pitch,Yaw
S1007773_R.JPG,33.012402,-87.640132,143.988998,5.4633,-89.882142,61.148805
S1007776_R.JPG,33.012464,-87.639998,144.811996,0.347657,-89.994838,60.866329
S1007779_R.JPG,33.012527,-87.639862,144.850998,0.13848,-89.993529,61.014063
S1007782_R.JPG,33.012591,-87.639727,144.613998,0.19049,-89.989536,60.885389
S1007785_R.JPG,33.012654,-87.639591,144.307007,-1.504988,-89.993826,61.085397
S1007788_R.JPG,33.012718,-87.639456,143.751999,-2.193808,-89.991348,61.218882
S1007791_R.JPG,33.012781,-87.63932,143.386993,-2.873978,-89.992801,61.256741
S1007794_R.JPG,33.012845,-87.639184,143.841995,1.085081,-89.994736,60.386008
S1007797_R.JPG,33.012909,-87.639049,144.173004,2.638119,-89.993763,60.543607
S1007800_R.JPG,33.012972,-87.638912,144.572006,1.871879,-89.997789,60.595442
S1007803_R.JPG,33.013035,-87.638777,144.514999,3.422193,-89.997238,60.835279
S1007806_R.JPG,33.01319,-87.63887,144.126999,-18.049184,-89.995283,240.940172
S1007809_R.JPG,33.013133,-87.639007,143.688995,-1.166757,-89.99484,239.940474
S1007812_R.JPG,33.013069,-87.639143,143.598999,-2.268065,-89.994283,240.163876
S1007815_R.JPG,33.013005,-87.639279,143.634995,-3.549801,-89.99261,239.763345
S1007818_R.JPG,33.012942,-87.639415,143.876999,-2.114696,-89.994832,239.822787
S1007821_R.JPG,33.012878,-87.63955,143.904007,-2.376319,-89.991477,240.112467
S1007824_R.JPG,33.012814,-87.639686,143.910995,-1.657359,-89.988601,239.997411
S1007827_R.JPG,33.01275,-87.639825,143.931,-1.843932,-89.992528,240.170038
S1007830_R.JPG,33.012686,-87.639962,144.169006,-3.052903,-89.996766,240.944639
S1007833_R.JPG,33.012623,-87.640098,144.360992,-4.684565,-89.995373,240.854211
S1007836_R.JPG,33.012559,-87.640233,144.238007,-1.821386,-89.995787,240.182104
S1007839_R.JPG,33.012708,-87.64034,144.175995,19.464144,-89.997121,60.573463
S1007842_R.JPG,33.012776,-87.64021,144.326004,4.774711,-89.991099,60.535776
S1007845_R.JPG,33.012839,-87.640073,144.328995,4.994869,-89.992694,60.579889
S1007848_R.JPG,33.012904,-87.639935,144.255005,4.501364,-89.994751,60.612583
S1007851_R.JPG,33.012968,-87.639798,144.194,4.500773,-89.998224,60.670229
S1007854_R.JPG,33.013032,-87.639661,144.274002,4.888428,-89.998564,60.462062
S1007857_R.JPG,33.013096,-87.639524,144.580002,4.202666,-89.99701,60.494291
S1007860_R.JPG,33.01316,-87.639386,144.766998,2.983301,-89.995776,60.621265
S1007863_R.JPG,33.013224,-87.639249,144.822006,2.504174,-89.995131,60.836682
S1007866_R.JPG,33.013288,-87.639112,144.763,2.635115,-89.993285,60.901251
S1007869_R.JPG,33.013352,-87.638976,144.658997,2.402174,-89.993534,60.439779
S1007872_R.JPG,33.013505,-87.639068,144.438995,-18.580743,-89.992163,240.59854
S1007875_R.JPG,33.013449,-87.639207,144.056,-1.547374,-89.985817,239.90839
S1007878_R.JPG,33.013384,-87.639344,144.158005,-0.796522,-89.995473,240.258258
S1007881_R.JPG,33.01332,-87.63948,144.283997,-1.781495,-89.994055,239.866404
S1007884_R.JPG,33.013255,-87.639619,144.201996,-0.714531,-89.992218,240.288179
S1007887_R.JPG,33.013192,-87.639756,144.188995,-2.264377,-89.996484,239.810938
S1007890_R.JPG,33.013127,-87.639895,144.335999,-3.845005,-89.993942,240.559869
S1007893_R.JPG,33.013063,-87.640032,144.039993,-1.040932,-89.997037,240.013974
S1007896_R.JPG,33.012998,-87.640171,144.018005,-2.781096,-89.989796,240.822072
S1007899_R.JPG,33.012934,-87.640308,144.024994,-1.412973,-89.983944,240.029148
S1007902_R.JPG,33.012871,-87.640444,144.139999,-3.686594,-89.997639,240.599411
S1007905_R.JPG,33.013018,-87.640551,144.345993,18.456051,-89.995239,60.835865
S1007908_R.JPG,33.013087,-87.64042,144.442001,3.448419,-89.994166,60.781486
S1007911_R.JPG,33.013151,-87.640282,144.362,3.351016,-89.995372,61.229199
S1007914_R.JPG,33.013216,-87.640143,144.020004,4.09973,-89.997968,60.687105
S1007917_R.JPG,33.013279,-87.640006,143.938004,3.299938,-89.998481,60.875238
S1007920_R.JPG,33.013345,-87.639865,143.798004,4.579717,-89.991477,60.865926
S1007923_R.JPG,33.01341,-87.639727,143.856995,4.759809,-89.998258,61.493935
S1007926_R.JPG,33.013474,-87.639589,143.826996,3.93905,-89.998468,61.251622
S1007929_R.JPG,33.013539,-87.63945,143.585999,3.826177,-89.997245,60.642138
S1007932_R.JPG,33.013603,-87.639312,143.511993,2.196576,-89.999559,61.153331
S1007935_R.JPG,33.013668,-87.639174,143.494003,2.774618,-89.998943,61.610279
S1007938_R.JPG,33.013823,-87.639268,143.561005,-21.431691,-89.99839,241.446718
S1007941_R.JPG,33.013765,-87.639404,143.244995,-1.645898,-89.994664,240.937341
S1007944_R.JPG,33.013701,-87.639542,142.837006,-3.563414,-89.997868,241.561507
S1007947_R.JPG,33.013636,-87.639682,142.809006,-3.08336,-89.990992,241.163371
S1007950_R.JPG,33.013572,-87.639822,143.050995,-9.06239,-89.997384,242.197129
S1007953_R.JPG,33.013506,-87.639961,143.345993,-6.483903,-89.995701,242.080017
S1007956_R.JPG,33.013441,-87.640099,143.412003,-5.719338,-89.996746,240.801081
S1007959_R.JPG,33.013376,-87.640237,143.335007,-0.844321,-89.992363,240.656969
S1007962_R.JPG,33.01331,-87.640379,143.322998,-1.215014,-89.991634,241.060228
S1007965_R.JPG,33.013246,-87.640518,143.285004,-1.347652,-89.995002,241.108582
S1007968_R.JPG,33.013181,-87.640656,143.113007,-0.716542,-89.989608,240.806605
S1007971_R.JPG,33.013329,-87.640764,143.274994,16.722042,-89.998604,59.713414
S1007974_R.JPG,33.013399,-87.64063,143.214005,2.768377,-89.998351,60.833367
S1007977_R.JPG,33.013464,-87.64049,143.145004,2.040374,-89.997845,61.408338
S1007980_R.JPG,33.013529,-87.64035,143.246994,8.164099,-89.99878,61.434454
S1007983_R.JPG,33.013594,-87.64021,143.035995,4.559377,-89.989806,61.65293
S1007986_R.JPG,33.01366,-87.64007,143.130997,2.556385,-89.993321,60.711169
S1007989_R.JPG,33.013724,-87.63993,143.013,2.219927,-89.999715,61.354417
S1007992_R.JPG,33.01379,-87.639791,142.917007,2.971982,-89.998262,61.078005
S1007995_R.JPG,33.013854,-87.639652,143.052994,0.699898,-89.998857,60.90052
S1007998_R.JPG,33.013921,-87.639512,142.677994,4.205475,-89.998671,60.475658
S1008001_R.JPG,33.013987,-87.639371,142.352005,2.883965,-89.995752,60.95198
S1008004_R.JPG,33.01414,-87.639465,142.737,-17.956579,-89.988692,240.365435
S1008007_R.JPG,33.014088,-87.63959,142.421005,-2.686612,-89.997333,241.159279
S1008010_R.JPG,33.014028,-87.63972,142.334,-1.58191,-89.997447,240.706315
S1008013_R.JPG,33.013968,-87.639849,142.522995,-4.218251,-89.994777,240.54018
S1008016_R.JPG,33.013908,-87.639974,142.634995,-3.984582,-89.99629,240.336079
S1008019_R.JPG,33.013849,-87.640102,142.807007,-0.234778,-89.991532,240.194334
S1008022_R.JPG,33.01379,-87.640231,142.884003,-3.793467,-89.988815,240.345895
S1008025_R.JPG,33.013731,-87.640357,142.554001,-4.046656,-89.990833,240.82681
S1008028_R.JPG,33.01367,-87.640484,142.559006,-3.475322,-89.986034,240.502195
S1008031_R.JPG,33.01361,-87.640612,142.701996,-1.281379,-89.994593,240.219942
S1008034_R.JPG,33.01355,-87.640741,142.886002,-3.286965,-89.99774,240.262888
S1008037_R.JPG,33.013491,-87.640869,142.893005,-0.808669,-89.97997,240.138725
S1008040_R.JPG,33.01364,-87.640976,142.371002,16.422862,-89.994827,60.538847
S1008043_R.JPG,33.013703,-87.640852,142.785995,-0.179341,-89.994188,60.980496
S1008046_R.JPG,33.013763,-87.640724,143.289993,2.51812,-89.996199,60.936271
S1008049_R.JPG,33.013824,-87.640596,143.367996,4.727072,-89.992104,60.99587
S1008052_R.JPG,33.013883,-87.640467,143.089005,3.343462,-89.986897,61.028233
S1008055_R.JPG,33.013943,-87.64034,142.923004,7.815979,-89.996401,60.744461
S1008058_R.JPG,33.014003,-87.640211,142.945007,2.359304,-89.9937,61.053995
S1008061_R.JPG,33.014063,-87.640082,143.037994,3.116595,-89.997154,61.081013
S1008064_R.JPG,33.014123,-87.639954,142.945999,2.589317,-89.998215,60.745365
S1008067_R.JPG,33.014183,-87.639825,142.660004,4.845898,-89.99512,60.84652
S1008070_R.JPG,33.014243,-87.639697,142.817001,3.452284,-89.994558,60.566693
S1008073_R.JPG,33.014302,-87.639568,142.932007,2.530042,-89.990951,60.669498
S1008076_R.JPG,33.014457,-87.639663,142.688995,-20.626626,-89.996307,240.509022
S1008079_R.JPG,33.014404,-87.63979,142.123001,-2.152595,-89.996632,239.955585
S1008082_R.JPG,33.014343,-87.639919,142.210999,-2.048247,-89.992619,240.36159
S1008085_R.JPG,33.014283,-87.640049,142.242004,-2.724229,-89.99762,240.507449
S1008088_R.JPG,33.014224,-87.640175,142.401001,-0.996606,-89.994758,240.774233
S1008091_R.JPG,33.014163,-87.640307,142.421997,-5.768595,-89.994482,241.287333
S1008094_R.JPG,33.014103,-87.640434,142.483994,-0.904425,-89.996533,240.601266
S1008097_R.JPG,33.014042,-87.640564,142.341003,-2.955703,-89.995983,241.178448
S1008100_R.JPG,33.013982,-87.640693,142.518997,-0.767071,-89.997094,240.431849
S1008103_R.JPG,33.013921,-87.640823,142.761993,0.002927,-89.999098,240.180639
S1008106_R.JPG,33.013861,-87.640952,142.934006,0.46987,-89.991204,240.799882
S1008109_R.JPG,33.013801,-87.641081,142.990005,-1.39951,-89.998435,240.804163
S1008112_R.JPG,33.01395,-87.641188,142.985992,14.746735,-89.997062,60.790901
S1008115_R.JPG,33.014014,-87.641064,142.975998,2.207204,-89.997672,60.910333
S1008118_R.JPG,33.014074,-87.640934,142.835999,1.388886,-89.998988,60.888392
S1008121_R.JPG,33.014135,-87.640804,142.662994,-0.637623,-89.997176,61.402643
S1008124_R.JPG,33.014196,-87.640674,142.675995,-1.333261,-89.989585,60.900808
S1008127_R.JPG,33.014256,-87.640545,142.664993,1.444995,-89.997711,60.397951
S1008130_R.JPG,33.014317,-87.640415,142.860992,0.263736,-89.996591,61.254827
S1008133_R.JPG,33.014377,-87.640287,143.024994,0.309184,-89.998318,60.765167
S1008136_R.JPG,33.014438,-87.640156,143.028,0.172891,-89.998203,60.927062
S1008139_R.JPG,33.014499,-87.640025,142.906998,0.769165,-89.993875,61.359637
S1008142_R.JPG,33.014559,-87.639897,142.848999,1.644314,-89.996081,61.098371
S1008145_R.JPG,33.01462,-87.639767,142.755997,1.41013,-89.998936,61.302111
S1008148_R.JPG,33.014774,-87.63986,142.684006,-17.322807,-89.997344,241.288817
S1008151_R.JPG,33.014721,-87.63999,142.740005,-4.315242,-89.983353,240.265147
S1008154_R.JPG,33.01466,-87.640121,142.738998,-4.696906,-89.996438,241.779564
S1008157_R.JPG,33.014599,-87.640249,143.153,-1.776695,-89.995197,240.020634
S1008160_R.JPG,33.014538,-87.640378,143.074005,1.240899,-89.998336,240.210378
S1008163_R.JPG,33.014477,-87.640511,143.123993,0.738889,-89.988569,240.745921
S1008166_R.JPG,33.014416,-87.640642,143.302002,-0.908188,-89.982562,241.206904
S1008169_R.JPG,33.014356,-87.64077,143.268997,-3.022132,-89.997455,241.633854
S1008172_R.JPG,33.014295,-87.640901,143.563004,-0.501801,-89.996834,241.028304
S1008175_R.JPG,33.014234,-87.641031,143.533005,-0.215882,-89.999214,240.748164
S1008178_R.JPG,33.014174,-87.64116,143.417999,0.373727,-89.988009,240.606763
S1008181_R.JPG,33.014114,-87.641288,142.781006,1.198629,-89.98887,241.260389
S1008184_R.JPG,33.014261,-87.641398,142.919998,22.983386,-89.997139,60.946234
S1008187_R.JPG,33.014325,-87.641275,143.108994,7.466978,-89.998148,60.062351
S1008190_R.JPG,33.014387,-87.641144,143.388,7.572127,-89.988015,59.68173
S1008193_R.JPG,33.014448,-87.641011,143.636002,8.581788,-89.998566,60.713661
S1008196_R.JPG,33.01451,-87.64088,143.638,7.391689,-89.99934,61.434377
S1008199_R.JPG,33.01457,-87.64075,143.688004,2.826695,-89.993108,61.870205
S1008202_R.JPG,33.014631,-87.640619,143.791,3.605044,-89.988092,61.547216
S1008205_R.JPG,33.014693,-87.640488,143.654007,5.902485,-89.997511,61.073878
S1008208_R.JPG,33.014754,-87.640357,143.320007,6.262632,-89.998905,60.954474
S1008211_R.JPG,33.014815,-87.640227,143.264008,5.344406,-89.999597,60.844469
S1008214_R.JPG,33.014876,-87.640096,143.151993,5.165565,-89.998965,60.643068
S1008217_R.JPG,33.014937,-87.639964,142.891006,0.846245,-89.996486,61.188128
S1008220_R.JPG,33.015092,-87.640059,142.934006,-19.447805,-89.999335,239.980796
S1008223_R.JPG,33.015037,-87.640188,142.903,-1.262247,-89.999235,240.353945
S1008226_R.JPG,33.014976,-87.64032,143.401001,-1.950675,-89.999213,241.162601
S1008229_R.JPG,33.014913,-87.640453,143.589005,-0.3779,-89.999117,241.287593
S1008232_R.JPG,33.014854,-87.640581,143.591003,-3.536003,-89.999497,241.731871
S1008235_R.JPG,33.014792,-87.640712,143.395004,-3.162484,-89.995132,241.622848
S1008238_R.JPG,33.014729,-87.640847,143.391006,-4.459416,-89.996328,241.72908
S1008241_R.JPG,33.014669,-87.640976,143.625,-1.182471,-89.99279,240.498017
S1008244_R.JPG,33.014607,-87.641108,143.947006,-3.822913,-89.992909,240.47929
S1008247_R.JPG,33.014545,-87.64124,144.018997,0.945108,-89.998038,240.583006
S1008250_R.JPG,33.014485,-87.64137,144.048996,-0.936213,-89.996299,240.468053
S1008253_R.JPG,33.014422,-87.641505,144.013,-4.355133,-89.98949,239.839519
S1008256_R.JPG,33.014571,-87.64161,143.792999,18.214008,-89.995261,60.627316
S1008259_R.JPG,33.014637,-87.641484,144.121002,4.321101,-89.999716,60.910434
S1008262_R.JPG,33.014697,-87.641352,143.828995,3.515065,-89.999005,61.21975
S1008265_R.JPG,33.01476,-87.641219,143.716003,2.367096,-89.998205,60.930222
S1008268_R.JPG,33.014822,-87.641086,143.126999,-0.615378,-89.982005,61.042013
S1008271_R.JPG,33.014884,-87.640954,142.985992,-0.26316,-89.982459,61.64265
S1008274_R.JPG,33.014945,-87.640823,143.162003,1.085246,-89.996909,60.189069
S1008277_R.JPG,33.015007,-87.640691,143.367004,0.316698,-89.999466,59.581192
S1008280_R.JPG,33.015068,-87.64056,143.199997,0.84867,-89.995073,60.993312
S1008283_R.JPG,33.01513,-87.640427,143.119003,-0.10346,-89.993757,61.35809
S1008286_R.JPG,33.015191,-87.640295,142.985001,-1.478358,-89.995599,62.110476
S1008289_R.JPG,33.015253,-87.640163,142.889999,0.934562,-89.995757,61.503051
